channel,control,treatment,uplift_ppt
app_store,0.1572808456351376,0.19160813974428237,3.432729410914476
content_seo,0.1748490417432397,0.2189640997533571,4.411505801011739
offline_broker,0.2179386309992132,0.26774017467248906,4.980154367327586
paid_social,0.12051410449006844,0.17640225688682376,5.588815239675532
referral,0.19947064485081809,0.25601965601965604,5.654901116883796
