channel,control_n,treatment_n,control_rate,treatment_rate,uplift_ppt,ci_low_ppt,ci_high_ppt,p,p_holm,sig_label
referral,4156,4070,0.19947064485081809,0.25601965601965604,5.654901116883796,3.845517752280482,7.464284481487109,9.517500121347666e-10,3.8070000485390665e-09,Holm p<0.001
paid_social,5991,6026,0.12051410449006844,0.17640225688682376,5.588815239675532,4.321599498574779,6.856030980776284,0.0,0.0,Holm p<0.001
offline_broker,3813,3664,0.2179386309992132,0.26774017467248906,4.980154367327586,3.0377890553601867,6.922519679294985,5.063996215692868e-07,1.5191988647078603e-06,Holm p<0.001
content_seo,3809,3649,0.1748490417432397,0.2189640997533571,4.411505801011739,2.60718559538045,6.215826006643028,1.639255173158105e-06,3.27851034631621e-06,Holm p<0.001
app_store,5487,5553,0.1572808456351376,0.19160813974428237,3.432729410914476,2.0186771879322665,4.846781633896685,2.0242570977213603e-06,3.27851034631621e-06,Holm p<0.001
