experiment_group,users,completion_rate,retention_7d,complaint_7d,first_deposit_7d
control,23256,0.16817165462676298,0.35229618163054693,0.012770897832817337,0.3417612659098727
treatment,22962,0.21553000609702988,0.37087361728072465,0.012803762738437419,0.3611619196934065
