metric,diff_ppt,ci_low_ppt,ci_high_ppt,p
开户完成率,4.73583514702669,4.018931785003567,5.452738509049813,0.0
7日留存率,1.857743565017772,0.9817917584825626,2.7336953715529813,3.2338425417277605e-05
7日投诉率,0.0032864905620081167,-0.20158726508430772,0.20816024620832393,0.9749173081928577
