metric,diff,z,p,ci_low,ci_high
account_completed,0.0473583514702669,12.932004477312832,0.0,0.04018931785003567,0.054527385090498134
retention_7d,0.01857743565017772,4.156341559241675,3.2338425417277605e-05,0.009817917584825626,0.027336953715529813
complaint_7d,3.286490562008117e-05,0.03144167190374456,0.9749173081928577,-0.002015872650843077,0.0020816024620832394
first_deposit_7d,0.019400653783533783,4.368112732716624,1.253248032306864e-05,0.010696553708311154,0.028104753858756413
