dimension,chi2,dof,p_value
channel,5.927458596593133,4,0.2046316031698898
device_type,1.1365240549818003,1,0.2863880121067728
source_intent,1.7279345596706008,2,0.42148660566145224
age_band,0.42105270296579145,3,0.9358599726765111
