channel,channel_label,n_control,n_treatment,control_rate,treatment_rate,diff,z,p_value,ci_low,ci_high,diff_ppt,ci_low_ppt,ci_high_ppt,holm_p,priority_proxy_incremental_completions
referral,Referral,4156,4070,0.19947064485081809,0.25601965601965604,0.056549011168837954,6.117298467815261,9.517500121347666e-10,0.03845517752280482,0.07464284481487109,5.654901116883796,3.845517752280482,7.464284481487109,3.8070000485390665e-09,465
paid_social,Paid social,5991,6026,0.12051410449006844,0.17640225688682376,0.05588815239675532,8.613558956208143,0.0,0.04321599498574779,0.06856030980776284,5.588815239675532,4.321599498574779,6.856030980776284,0.0,672
offline_broker,Offline broker,3813,3664,0.2179386309992132,0.26774017467248906,0.049801543673275855,5.023872121488796,5.063996215692868e-07,0.030377890553601867,0.06922519679294985,4.980154367327586,3.0377890553601867,6.922519679294985,1.5191988647078603e-06,372
content_seo,Content / SEO,3809,3649,0.1748490417432397,0.2189640997533571,0.04411505801011739,4.7934644515515235,1.639255173158105e-06,0.026071855953804502,0.062158260066430285,4.411505801011739,2.60718559538045,6.215826006643028,3.27851034631621e-06,329
app_store,App store,5487,5553,0.1572808456351376,0.19160813974428237,0.03432729410914476,4.750987437324407,2.0242570977213603e-06,0.020186771879322662,0.04846781633896685,3.432729410914476,2.0186771879322665,4.846781633896685,3.27851034631621e-06,379
