metric,metric_label,control_success,control_n,treatment_success,treatment_n,control_rate,treatment_rate,diff,z,p_value,ci_low,ci_high,diff_ppt,ci_low_ppt,ci_high_ppt
account_completed,Account-open completion rate,3911,23256,4949,22962,0.16817165462676298,0.21553000609702988,0.0473583514702669,12.932004477312832,0.0,0.04018931785003567,0.054527385090498134,4.73583514702669,4.018931785003567,5.452738509049813
retention_7d,7-day retention rate,8193,23256,8516,22962,0.35229618163054693,0.37087361728072465,0.01857743565017772,4.156341559241675,3.2338425417277605e-05,0.009817917584825626,0.027336953715529813,1.857743565017772,0.9817917584825626,2.7336953715529813
complaint_7d,7-day complaint rate,297,23256,294,22962,0.012770897832817337,0.012803762738437419,3.286490562008117e-05,0.03144167190374456,0.9749173081928577,-0.002015872650843077,0.0020816024620832394,0.0032864905620081167,-0.20158726508430772,0.20816024620832393
first_deposit_7d,7-day first-deposit rate,7948,23256,8293,22962,0.3417612659098727,0.3611619196934065,0.019400653783533783,4.368112732716624,1.253248032306864e-05,0.010696553708311154,0.028104753858756413,1.9400653783533783,1.0696553708311154,2.8104753858756415
