step_no,step_label,users_control,users_treatment,rate_from_start_control,rate_from_start_treatment,step_to_step_rate_control,step_to_step_rate_treatment,cumulative_uplift_ppt,step_uplift_ppt
1,Landing Page View,23256.0,22962.0,1.0,1.0,,,0.0,
2,Start Onboarding,18722.0,18552.0,0.8050395596835225,0.8079435589234387,0.8050395596835225,0.8079435589234387,0.2903999239916244,0.2903999239916244
3,Submit Basic Info,13086.0,14292.0,0.5626934984520123,0.6224196498562843,0.6989637859203076,0.7703751617076326,5.972615140427195,7.141137578732504
4,ID Verification Passed,10678.0,11966.0,0.4591503267973856,0.5211218534970822,0.8159865505119975,0.8372516092919116,6.1971526699696575,2.1265058779914026
5,Risk Assessment Start,7945.0,9430.0,0.34163226694186444,0.41067851232471037,0.7440531934819254,0.7880661875313388,6.904624538284593,4.401299404941339
6,Risk Assessment Complete,5792.0,7356.0,0.24905400756793947,0.32035536974131174,0.7290119572057898,0.7800636267232237,7.130136217337227,5.1051669517433895
7,Bind Bank Card,4733.0,6058.0,0.20351737186102511,0.2638271927532445,0.8171616022099447,0.8235454051114737,6.03098208922194,0.6383802901528957
8,Account Open Complete,3911.0,4949.0,0.16817165462676298,0.21553000609702988,0.8263257975913797,0.8169362826015186,4.73583514702669,-0.938951498986107
